stateabbrv,statename,le_agg_q1_F,le_raceadj_q1_F,le_agg_q2_F,le_raceadj_q2_F,le_agg_q3_F,le_raceadj_q3_F,le_agg_q4_F,le_raceadj_q4_F,le_agg_q1_M,le_raceadj_q1_M,le_agg_q2_M,le_raceadj_q2_M,le_agg_q3_M,le_raceadj_q3_M,le_agg_q4_M,le_raceadj_q4_M,sd_le_agg_q1_F,sd_le_raceadj_q1_F,sd_le_agg_q2_F,sd_le_raceadj_q2_F,sd_le_agg_q3_F,sd_le_raceadj_q3_F,sd_le_agg_q4_F,sd_le_raceadj_q4_F,sd_le_agg_q1_M,sd_le_raceadj_q1_M,sd_le_agg_q2_M,sd_le_raceadj_q2_M,sd_le_agg_q3_M,sd_le_raceadj_q3_M,sd_le_agg_q4_M,sd_le_raceadj_q4_M,count_q1_F,count_q2_F,count_q3_F,count_q4_F,count_q1_M,count_q2_M,count_q3_M,count_q4_M,count_q4_M
AL,Alabama,81.208611,82.228058,83.856339,84.474808,85.357079,85.808136,86.899963,87.224434,74.194298,75.376083,78.726929,79.430519,81.755196,82.262962,84.116356,84.49781,0.091293953,0.11666798,0.10264802,0.10965104,0.12113114,0.12434945,0.14973865,0.15035358,0.068455532,0.1083641,0.089632198,0.10527096,0.11598545,0.12573311,0.13311483,0.13747026,3419114,2803243,2520347,2119247,2862389,2728540,2481761,2005954,2005954
AK,Alaska,82.583572,82.348953,83.815147,83.712013,85.854538,85.585838,87.157089,87.16877,76.531036,76.639389,80.32373,80.524376,82.330803,82.445099,85.398438,85.575829,0.33839086,0.33955711,0.36807653,0.37382165,0.30707479,0.32140312,0.29940796,0.2988449,0.25443128,0.25340441,0.29463685,0.29335475,0.27807727,0.27634391,0.25999761,0.25546613,287869,364928,439382,528988,339042,374547,484283,537646,537646
AZ,Arizona,82.646103,82.151314,84.398926,84.147186,85.876945,85.781685,87.412048,87.435135,77.445061,77.007629,80.674591,80.474632,82.738091,82.700462,85.126984,85.230026,0.096449837,0.1141299,0.108588,0.11930052,0.10909873,0.11578956,0.12067553,0.12458663,0.076080568,0.088039763,0.092998669,0.099302582,0.10698533,0.10996675,0.11182424,0.11257195,3281760,3395651,3120125,3014634,3288830,3113884,2943030,2875894,2875894